_id,name,brand,price,categories,description,specifications,availability,sizes,colors,identifiers,images,tags,reviews
672c12fa456da97276bdb6f4,Conjunto Residencial San Lorenzo,RUIZ AREVALO CONSTRUCTORA SA - CORASA,"$185,797,300.00","[""Proyectos"",""Venta""]","SAN LORENZO. proyecto de apartamentos de interés social ( aplican 4 subsidios de vivienda) UBICADO EN CALI - VALLE . Conjunto Residencial Cerrado , seguridad 24/7 , 3 torres de 12 pisos de altura, Portería, Piscina niños y adultos, salone social, Zonas verdes y antejardines, Parqueaderos comunales, Ascensores por torre, Locales comerciales externos. A 5 minutos de la autopista simón bolívar .","{""Área construida"":""44.62 m²"",""Área privada"":""44.62 m²"",""Tipo de inmueble"":""Apartamento"",""Hab/Amb"":""3 Hab"",""Baños"":""1 Baño"",""Precio"":""$ 185.797.300""}",AVAILABLE,"[""3 Habs.""]",[],"{""sku"":""10049424""}","[""https://d3s5pkt10pk3ga.cloudfront.net/resizedImages/742x400/site/fincaraiz_service/media/listing/db56d5ff-f44b-47df-9697-98b5b016b618/photos/db56d5ff-f44b-47df-9697-98b5b016b618_1_True_413e0071-1614-4606-94c9-d0437b207dfb.jpg"",""https://d3s5pkt10pk3ga.cloudfront.net/resizedImages/1x210/site/fincaraiz_service/media/listing/db56d5ff-f44b-47df-9697-98b5b016b618/photos/db56d5ff-f44b-47df-9697-98b5b016b618_2_False_135b9b4e-fc05-4ccc-8f75-23b544be568f.jpg"",""https://d3s5pkt10pk3ga.cloudfront.net/resizedImages/1x210/site/fincaraiz_service/media/listing/db56d5ff-f44b-47df-9697-98b5b016b618/photos/db56d5ff-f44b-47df-9697-98b5b016b618_4_False_3ed25d79-e287-4e4d-af85-fa3cf5ed8e8f.jpg""]",[],[]
672c12fa456da97276bdb6f5,TUCANES DEL CASTILLO,CONSTRUCTORA EL CASTILLO S.A.S,"$525,100,000.00","CASAS CAMPESTRES DE UN PISO, ENCUÉNTRALAS TOMANDO LA VÍA PANAMERICANA, HACIENDO EL RETORNO EN EL SUR DE CALI. TUCANES DEL CASTILLO (UN PISO) DESDE: $519.900.000 Y DESDE 110.54 M2 NO APLICA SUBSIDIOS. SI TUS INGRESOS FAMILIARES SON MAYORES A $15.000.000, PUEDES ACCEDER A NUESTRO PROYECTO TUCANES DEL CASTILLO. ¡VIVE EN UNA CIUDADELA EXCLUSIVA, LEJOS DEL RUIDO DE LA CIUDAD! Estas hermosas casas de un solo piso te brindan una experiencia de vida sin igual en uno de los diseños más apetecidos de Ciudad Campestre El Castillo. El corazón de Tucanes del Castillo es su cocina abierta al área social, un espacio que invita a la celebración, donde se cocinan los mejores momentos de la vida. Con hasta 3 habitaciones y 3 baños, son perfectas para familias numerosas y para aquellos que cuidan de sus seres queridos de la tercera edad. Aquí, ellos pueden moverse con total comodidad y seguridad, sin preocupaciones de escaleras ni obstáculos. La terraza cubierta es un lugar donde te puedes desconectar del ajetreo de la ciudad en el único proyecto de un solo piso en la zona: Tucanes del Castillo. Recuerda que todos nuestros proyectos cuentan con parqueadero interno para visitantes, lo que te brinda tranquilidad. Una vida plena te espera en estas casas diseñadas para abrazar la armonía y la simplicidad. ¡Ven y descubre este proyecto!","{""Área construida"":""110.54 m²"",""Área privada"":""102.05 m²"",""Tipo de inmueble"":""Casa"",""Hab/Amb"":""3 Hab"",""Baños"":""3 Baños"",""Precio"":""$ 525.100.000""}",,[3],[],"{""sku"":""7107198""}","[""https://s3.amazonaws.com/imagenes.fincaraiz.com.co/FC_COL/2022/03/08/7107198/proyecto-nuevo-venta-valle-del-cauca-cali-516850785_m.jpg"",""https://s3.amazonaws.com/imagenesprof.fincaraiz.com.co/OVFR_COL/2022/3/8/3581634_606_6.jpg"",""https://d3s5pkt10pk3ga.cloudfront.net/resizedImages/1x210/site/fincaraiz_service/media/listing/1905d5a6-5056-451b-85f1-c791a374407c/photos/1905d5a6-5056-451b-85f1-c791a374407c_1_True_60e2a649-ec4e-48e7-b006-2cbdbeac981b.jpg"",""https://d3s5pkt10pk3ga.cloudfront.net/resizedImages/1x210/site/fincaraiz_service/media/listing/1905d5a6-5056-451b-85f1-c791a374407c/photos/1905d5a6-5056-451b-85f1-c791a374407c_6_False_c0577292-584a-40da-ba5a-2d2974b3533b.png""]",[],[],
672c12fa456da97276bdb6f6,POMELOS,CONSTRUCTORA BOLIVAR CALI S.A,"$210,600,000.00","Pomelos te da la bienvenida a un emocionante proyecto de apartamentos en conjunto cerrado, ubicado dentro del prestigioso macroproyecto Vivero Parque Residencial en el sur de Cali. Sumérgete en la experiencia de vivir en un entorno donde la naturaleza y la ciudad se fusionan armoniosamente. Pomelos se enorgullece de su enfoque en la sostenibilidad, implementando estrategias para obtener la certificación EDGE, lo que significa ahorro de energía y agua para ti y el planeta. Los apartamentos están diseñados para adaptarse a tus necesidades, ofreciendo hasta 3 habitaciones en un espacio multifuncional. La habitación principal incluye un espacio para vestier y baño privado, mientras que las alcobas auxiliares están listas para que adaptes tus armarios. El balcón se conecta de forma natural con la sala-comedor, creando un ambiente luminoso y agradable. Además, disfruta de una zona de oficios independiente, cocinas espaciosas que se integran perfectamente con el área de comedor y un baño social. En Pomelos, nos comprometemos a hacer realidad tu sueño de tener casa propia. Te brindamos la oportunidad de acceder a diversos subsidios de vivienda, incluyendo opciones a través de cajas de compensación, el programa Subsidio Mi Casa Ya, el subsidio concurrente y el subsidio de tasa de interés FRECH. ¡Pomelos es tu oportunidad de vivir en un espacio sostenible y cómodo dentro de un entorno vibrante y seguro! Contáctanos hoy mismo para obtener más información.","{""Área construida"":""62.25 m²"",""Área privada"":""53.95 m²"",""Tipo de inmueble"":""Apartamento"",""Hab/Amb"":""2 Hab"",""Baños"":""2 Baños"",""Precio"":""$ 210.600.000""}",,"[""2 Habs."",""2 Baños"",""62.25 m²""]",[],"{""sku"":""7252468""}","[""https://s3.amazonaws.com/imagenesprof.fincaraiz.com.co/OVFR_COL/2022/5/23/3672213_805_12.jpg"",""https://d3s5pkt10pk3ga.cloudfront.net/resizedImages/1x210/site/fincaraiz_service/media/listing/47884bfe-5a49-40f4-9b30-430d64d4808a/photos/47884bfe-5a49-40f4-9b30-430d64d4808a_4_False_766433ab-619f-4621-8411-3da71a98c766.jpg"",""https://s3.amazonaws.com/imagenesprof.fincaraiz.com.co/OVFR_COL/2022/5/26/3672213_12_14.jpg""]",[],[],
672c12fa456da97276bdb6f7,TORRES DEL PARQUE CONJUNTO CERRADO,RUIZ AREVALO CONSTRUCTORA SA - CORASA,"$163,104,500.00","[""Proyectos"",""Venta""]","TORRES DEL PARQUE Exclusivo proyecto en conjunto cerrado EN CALI - VALLE , torres de 11 pisos altura , apartamento entrega obra gris ,diseño flexible para tres habitaciones, cuenta con parqueaderos comunales, de carros motos, bicicletas, piscinas para niños y adultos, salón social 2 ascensores por torre .. En Inicio de obra.","{""Área construida"":""44.62 m²"",""Área privada"":""44.62 m²"",""Tipo de inmueble"":""Apartamento"",""Hab/Amb"":""3 Hab"",""Baños"":""1 Baño"",""Precio"":""$ 163.104.500""}",NO_INFORMATION,"[""3 Habs.""]",[],"{""sku"":""7207846""}","[""https://s3.amazonaws.com/imagenesprof.fincaraiz.com.co/OVFR_COL/2022/12/12/3643723_286_4.jpg"",""https://s3.amazonaws.com/imagenesprof.fincaraiz.com.co/OVFR_COL/2022/12/12/3643723_129_3.jpg"",""https://s3.amazonaws.com/imagenesprof.fincaraiz.com.co/OVFR_COL/2022/12/12/3643723_442_5.jpg""]",[],[]
672c12fa456da97276bdb6f8,Tamarindo,JARAMILLO MORA S.A.,"$241,116,000.00","Tamarindo es la apuesta perfecta en ubicación y conexión natural. Un proyecto con apartamentos de interés social en torres de 10 pisos con amplias zonas verdes dentro del conjunto y amenities ideales para tu día a día. Ubicado en el inicio de Hacienda Kachipay, una ciudadela con una novedosa apuesta urbanística al sur de Cali, donde cada integrante de la familia encuentra un espacio para ejercitarse y disfrutar al aire libre. ¡Ven a conocer tu nuevo hogar!","{""Área construida"":""62.35 m²"",""Tipo de inmueble"":""Apartamento"",""Hab/Amb"":""2 Hab"",""Baños"":""1 Baño"",""Precio"":""$ 241.116.000""}",,"[""2 Habs.""]",[],"{""sku"":""15016861""}","[""https://cdn2.infocasas.com.uy/repo/img/th.outside742x400.66f2f557876fa_infocdn__upqhc3imuhbhmzn7eblyeulfigfp9mntltil3a3djpg.jpg"",""https://cdn2.infocasas.com.uy/repo/img/th.outside1x210.66f2f557978e2_infocdn__nytl8kq3mccfyf27j2wdcogdkxd5vrfhfzbeguyqjpg.jpg"",""https://cdn2.infocasas.com.uy/repo/img/th.outside1x210.66f2f55795950_infocdn__yzt99j2auaeeylixdk550qilvcawfz7mvfosfvfjjpg.jpg""]",[],[],
672c12fa456da97276bdb6f9,ZENTO 75 LOFT,SOLANILLAS S. A.,"$522,300,000.00","[""Proyectos"",""Venta""]","apartamentos Cali sur venta - Ubicado en el corazón de Pance, su privilegiada localización, le permite estar a pocos minutos de las mejores universidades, colegios, centros médicos, centros comerciales, zonas gastronómicas y gimnasios de la ciudad. El proyecto se conforma por 1 torre de 13 pisos, con un gran patio central, el cual, además de servir como zona de estancia y encuentro en el primer piso, brinda una de las mejores vistas hacia los Farallones.","{""Área construida"":""65 m²"",""Área privada"":""65 m²"",""Tipo de inmueble"":""Apartamento"",""Hab/Amb"":""1 Hab"",""Baños"":""2 Baños"",""Precio"":""$ 522.300.000""}",AVAILABLE,"[""64 m²"",""65 m²"",""75 m²""]",[],"{""sku"":""5790637""}","[""https://s3.amazonaws.com/imagenesprof.fincaraiz.com.co/OVFR_COL/2022/9/6/2792188_732_14.jpg"",""https://s3.amazonaws.com/imagenesprof.fincaraiz.com.co/OVFR_COL/2022/9/6/2792188_154_16.jpg"",""https://s3.amazonaws.com/imagenesprof.fincaraiz.com.co/OVFR_COL/2022/9/6/2792188_134_15.jpg""]",[],[]
672c12fa456da97276bdb6fa,826 Boreal,JARAMILLO MORA S.A.,"$233,079,000.00","[""Proyectos"",""Venta""]","826 BOREAL, es nuestro nuevo conjunto cerrado de apartamentos ubicado estratégicamente sobre la carrera 8 ava con calle 26, a 10 minutos del Centro Comercial Chipichape. La facilidad de acceder a diferentes medios de transporte desde el lugar y su cercanía a diferentes centros de recreación y al gran comercio de la ciudad, hacen de este proyecto un lugar ideal para vivir. Austral, contará con apartamentos desde 56 m2 que puedes escoger según tu presupuesto. En sus zonas comunes tendrás diferentes comodidades para disfrutar en familia, Te invitamos a conocer tu nuevo hogar.","{""Área construida"":""50 m²"",""Área privada"":""44 m²"",""Tipo de inmueble"":""Apartamento"",""Hab/Amb"":""1 Hab"",""Baños"":""1 Baño"",""Precio"":""$ 233.079.000""}",NO_INFORMATION,"[""50 m²""]",[],"{""sku"":""15016957""}","[""https://cdn2.infocasas.com.uy/repo/img/th.outside742x400.67226e71508d7_infocdn__nolkdzxceizgwhv3f3ffevyvinudhegmja4drtuzjpg.jpg"",""https://cdn2.infocasas.com.uy/repo/img/th.outside1x210.67226e719cdcd_infocdn__ntkms85mtwbc7rjiu5cyq4drctukvlk7rncbfraejpg.jpg"",""https://cdn2.infocasas.com.uy/repo/img/th.outside1x210.67226e71a101b_infocdn__8qpf8hxlbovdgjscnfw1r0hx9aqkmbbpeibnv7fmjpg.jpg""]",[],[]
672c12fa456da97276bdb6fb,PRADOS DEL NARANJO,SOLANILLAS S. A.,"$351,200,000.00","¡Bienvenido a Prados del Naranjo, un conjunto cerrado con una ubicación privilegiada en el norte de Cali! Este proyecto consta de 192 apartamentos distribuidos en 2 torres de 12 pisos, ofreciendo una amplia gama de comodidades para disfrutar en familia. Cada apartamento, de 2 habitaciones y áreas desde 70 m², incluye un parqueadero y acceso a zonas comunes pensadas para el entretenimiento de grandes y pequeños. Destacándose por su pronta entrega en la Torre A y un plazo de 9 meses para la cuota inicial en la Torre B, con una separación accesible de $8.000.000. La ubicación estratégica permite un fácil acceso a vías importantes como la Av. Sexta, la Carrera 3ª y la Carrera 1ª, corredores viales con una variada oferta de comercio y servicios, brindando proximidad a centros comerciales, restaurantes y clínicas. Las zonas comunes están diseñadas para el disfrute integral, ofreciendo espacios como piscina, salón social, cancha múltiple y una vigilancia las 24 horas para brindar seguridad a los residentes. Prados del Naranjo es más que un lugar para vivir, es un hogar que te ofrece comodidad, accesibilidad y la oportunidad de disfrutar de una vida plena en el vibrante norte de Cali. ¡Convierte este proyecto en tu próximo hogar y disfruta de una vida llena de comodidades y facilidades!","{""Área construida"":""67 m²"",""Área privada"":""67 m²"",""Tipo de inmueble"":""Apartamento"",""Hab/Amb"":""2 Hab"",""Baños"":""2 Baños"",""Precio"":""$ 351.200.000""}",,[67],[],"{""sku"":""5451766""}","[""https://s3.amazonaws.com/imagenesprof.fincaraiz.com.co/OVFR_COL/2020/5/13/2612090_834_2.jpg"",""https://s3.amazonaws.com/imagenesprof.fincaraiz.com.co/OVFR_COL/2020/5/13/2612090_503_8.jpg"",""https://s3.amazonaws.com/imagenesprof.fincaraiz.com.co/OVFR_COL/2020/5/13/2612090_480_7.jpg""]",[],[],
672c12fa456da97276bdb6fc,El ÁLAMO,CUSEZAR,"$176,000,000.00","El Álamo es un proyecto de Vivienda de Interés Social VIS multifamiliar ubicado al Sur de Cali, que forma parte del importante desarrollo urbanístico llamado Bosque del Valle. Destacándose por su diseño arquitectónico y su oferta de zonas de entretenimiento para garantizar la calidad de vida de los propietarios. El precio de venta del inmueble se establece en 135 Salarios Mínimos Mensuales Legales Vigentes, los cuales serán calculados con ajuste al año de escrituración.","{""Área construida"":""50.7 m²"",""Área privada"":""44.89 m²"",""Tipo de inmueble"":""Apartamento"",""Hab/Amb"":""2 Hab"",""Baños"":""1 Baño"",""Precio"":""$ 176.000.000""}",,"[""2 Habs.""]",[],"{""sku"":""7058310""}","[""https://s3.amazonaws.com/imagenesprof.fincaraiz.com.co/OVFR_COL/2022/2/17/3551317_626_0.jpg"",""https://s3.amazonaws.com/imagenesprof.fincaraiz.com.co/OVFR_COL/2022/2/17/3551317_907_1.jpg"",""https://s3.amazonaws.com/imagenesprof.fincaraiz.com.co/OVFR_COL/2022/2/17/3551317_252_2.jpg""]",[],[],
672c12fa456da97276bdb6fd,GIRASOLES DEL CASTILLO,CONSTRUCTORA EL CASTILLO S.A.S,"$375,300,000.00","CASAS CAMPESTRES DE DOS PISOS, ENCUÉNTRALAS TOMANDO LA VÍA PANAMERICANA, HACIENDO EL RETORNO EN EL SUR DE CALI. GIRASOLES DEL CASTILLO (DOS PISOS) DESDE: $375.300.000 Y DESDE 84.62 M2 NO APLICA SUBSIDIOS. SI TUS INGRESOS FAMILIARES SON MAYORES A $10.000.000, PUEDES ACCEDER A NUESTRO PROYECTO GIRASOLES DEL CASTILLO. ¡VIVE EN UNA CIUDADELA EXCLUSIVA, LEJOS DEL RUIDO DE LA CIUDAD! Girasoles del Castillo, el lugar ideal para comenzar a construir tus sueños en familia. Aquí, encontrarás casas campestres de 2 pisos que tienen todo lo que necesitas para una vida plena. En el primer piso, te espera una cocina abierta que se convierte en el corazón de tu hogar, un lugar donde junto a tu pareja podrás disfrutar de las mejores comidas y vivir momentos especiales en familia. El jardín interior brinda a tu casa iluminación y ventilación natural, permitiéndote disfrutar de la belleza del entorno sin tener que salir de casa. En el segundo piso, tus alcobas se encuentran en total privacidad, separadas de la zona social de tu hogar. La alcoba principal cuenta con su propio baño y vestier, ofreciéndote un refugio de lujo y comodidad. Además, dos alcobas adicionales comparten un baño, lo que las convierte en espacios acogedores para tus seres queridos. La ubicación de Girasoles del Castillo es excelente, especialmente para aquellos que buscan un entorno tranquilo y seguro donde iniciar su proyecto de vida. Aquí, podrás respirar aire fresco y vivir en armonía con la naturaleza.","{""Área construida"":""84.62 m²"",""Área privada"":""84.62 m²"",""Tipo de inmueble"":""Casa"",""Hab/Amb"":""2 Hab"",""Baños"":""2 Baños"",""Precio"":""$ 375.300.000""}",,"[""2 Habs."",""2 Baños"",""84.62 m²""]",[],"{""sku"":""5814689""}","[""https://s3.amazonaws.com/imagenesprof.fincaraiz.com.co/OVFR_COL/2022/3/24/2804892_11_10.jpg"",""https://s3.amazonaws.com/imagenesprof.fincaraiz.com.co/OVFR_COL/2022/3/24/2804892_823_13.jpg"",""https://s3.amazonaws.com/imagenesprof.fincaraiz.com.co/OVFR_COL/2022/3/24/2804892_969_18.jpg""]",[],[],
672c12fa456da97276bdb6fe,MIRADOR DEL VALLE,CONSTRUCTORA AMAVIA SAS,"$185,749,200.00","[""Proyectos"",""Venta""]","Es un proyecto de 124 apartamentos tipo VIS (vivienda de interés social), cuenta con ascensores, parqueaderos, administración, locales comerciales, portería, sky gym, jacuzzis, coworking y terrazas de esparcimiento con zonas confortables para reuniones.","{""Área construida"":""45.19 m²"",""Área privada"":""45.19 m²"",""Tipo de inmueble"":""Apartamento"",""Hab/Amb"":""2 Hab"",""Baños"":""1 Baño"",""Precio"":""$ 185.749.200""}",NO_INFORMATION,"[""2 Habs.""]",[],"{""sku"":""15016745""}","[""https://cdn2.infocasas.com.uy/repo/img/th.outside742x400.66b637fb2e360_infocdn__8xwlzemnxrru8ecdkjfm2k2kyabj12swhlmknijtpng.png"",""https://cdn2.infocasas.com.uy/repo/img/th.outside1x210.66bbae9a6d72a_infocdn__t8wbtdbyuv1vtjmikpg0zbnhmu9lrgywtrdvv5xxjpg.jpg"",""https://cdn2.infocasas.com.uy/repo/img/th.outside1x210.66bbaea42e286_infocdn__g8twlrxqer8srfdig55ee3hhjol9xsziirvv32uejpg.jpg""]",[],[]
672c12fa456da97276bdb6ff,CISNES B,CONSTRUCTORA EL CASTILLO S.A.S,"$751,500,000.00","[""Proyectos"",""Venta""]","Proyecto NO VIS, No aplica Subsidio de vivienda. CASAS CAMPESTRES DE DOS PISOS, ENCUÉNTRALAS TOMANDO LA VÍA PANAMERICANA, HACIENDO EL RETORNO EN EL SUR DE CALI. CISNES DEL CASTILLO (DOS PISOS) DESDE: $751.500.000 Y DESDE 173.55 M2 SI TUS INGRESOS FAMILIARES SON MAYORES A $21.300.000, PUEDES ACCEDER A NUESTRO PROYECTO CISNES DEL CASTILLO B. ¡VIVE EN UNA CIUDADELA EXCLUSIVA, LEJOS DEL RUIDO DE LA CIUDAD! Esta casa campestre de 2 pisos está diseñada con opciones de ampliación para que puedas tener hasta 6 habitaciones y 6 baños, brindándote la flexibilidad que necesitas para que cada miembro de su familia tenga su propio espacio tal cual lo ha soñado. En el primer piso, encontrarás una amplia cocina abierta con una vista encantadora a la terraza cubierta, que es el escenario perfecto para que tus hijos o mascotas se diviertan mientras tú realizas deliciosas recetas. Características destacadas de la casa: Cocina espectacular: Disfruta de una cocina abierta que añade un toque moderno y funcional a tu hogar. Parqueaderos cubiertos: La casa cuenta con dos parqueaderos cubiertos, ofreciendo comodidad y protección para tus vehículos. Senderos verdes: se conectan visualmente con las zonas comunes del condominio. Espacios familiares: 2 a 6 habitaciones y de 2 a 6 baños, cada miembro de la familia disfrutará de su propio espacio personal. Terraza cubierta: Comparte momentos inolvidables en la terraza cubierta, perfecta para invitar a tus amigos a un gran asado.","{""Área construida"":""173.55 m²"",""Área privada"":""173.55 m²"",""Tipo de inmueble"":""Apartamento"",""Hab/Amb"":""3 Hab"",""Baños"":""3 Baños"",""Precio"":""$ 751.500.000""}",NO_INFORMATION,[3],[],"{""sku"":""10703643""}","[""https://d3s5pkt10pk3ga.cloudfront.net/resizedImages/742x400/site/fincaraiz_service/media/listing/6f437894-edd4-4eb2-9132-9933afc51a49/photos/6f437894-edd4-4eb2-9132-9933afc51a49_1_True_7ec5c15d-929a-429d-a5de-60e59000212c.jpg"",""https://d3s5pkt10pk3ga.cloudfront.net/resizedImages/1x210/site/fincaraiz_service/media/listing/6f437894-edd4-4eb2-9132-9933afc51a49/photos/6f437894-edd4-4eb2-9132-9933afc51a49_2_False_4605be53-5c2c-4ff0-a788-55dde179550a.jpg"",""https://d3s5pkt10pk3ga.cloudfront.net/resizedImages/1x210/site/fincaraiz_service/media/listing/6f437894-edd4-4eb2-9132-9933afc51a49/photos/6f437894-edd4-4eb2-9132-9933afc51a49_3_False_5784e84a-3c9c-401a-a6aa-9891fbf3a8e9.jpg""]",[],[]
672c12fa456da97276bdb700,SOLAZUL,CONSTRUCTORA BOLIVAR CALI S.A,"$234,399,960.00","Conjunto de apartamentos TOPE VIS con balcón y zona de oficios independiente. Aquí disfrutarás de espacios para compartir como zona BBQ, juegos infantiles, piscina para adultos y niños, zona coworking y gimnasio dotado. Ubicado en el macroproyecto Vivero en el sur de Cali, cerca a Valle del Lili. Los apartamentos de Solazul se destacan por su excelente distribución, encontrarás sala-comedor con balcón, zona de oficios independiente, baño social, 2 alcobas, principal con posibilidad de acondicionar a futuro un baño y vestier.","{""Área construida"":""58.5 m²"",""Área privada"":""53.93 m²"",""Tipo de inmueble"":""Apartamento"",""Hab/Amb"":""2 Hab"",""Baños"":""1 Baño"",""Precio"":""$ 234.399.960""}",,[],[],"{""sku"":""6277631""}","[""https://cdn2.infocasas.com.uy/repo/img/th.outside742x400.66acec45b49bb_infocdn__ur1f4jtgfxok82u1autavmzjph5ofqf0krtotvdgjpg.jpg"",""https://cdn2.infocasas.com.uy/repo/img/th.outside1x210.66acec45bb52f_infocdn__esmgjc417hv2gphpmfdbvnxvqhceusmbaow6awyojpg.jpg"",""https://cdn2.infocasas.com.uy/repo/img/th.outside1x210.66acec45bb9a6b_infocdn__1rvw15ecgavco3gx6g5nuvvfc9bwlet0nueyp1epjpg.jpg""]",[],[],
672c12fa456da97276bdb701,VIOLETAS DEL CASTILLO,CONSTRUCTORA EL CASTILLO S.A.S,"$440,615,053.00","CASAS CAMPESTRES DE DOS PISOS AL SUR, ENCUÉNTRALAS TOMANDO LA VÍA PANAMERICANA, HACIENDO EL RETORNO EN EL SUR DE CALI. VIOLETAS DEL CASTILLO (DOS PISOS) DESDE: $440.615.053 Y DESDE 108.24 M2 NO APLICA SUBSIDIOS. SI TUS INGRESOS FAMILIARES SON MAYORES A $13.000.000, PUEDES ACCEDER A NUESTRO PROYECTO VIOLETAS DEL CASTILLO. ¡VIVE EN UNA CIUDADELA EXCLUSIVA, LEJOS DEL RUIDO DE LA CIUDAD! Uno de los mayores atractivos de este proyecto es su habitación principal en el primer piso, una característica distintiva que te garantiza privacidad para una vida en pareja además de la seguridad de abuelos o cualquier miembro de la familia con movilidad reducida, ya que no hay necesidad de subir escaleras. En el primer piso, encontrarás una espaciosa sala-comedor que se conecta con la terraza cubierta, creando un ambiente perfecto para la relajación. Al subir al segundo piso, encuentras otra habitación principal con un vestier y un baño privado. Además, tendrás una alcoba y un espacio que puedes implementar como tercera habitación o un acogedor estudio según tus necesidades. Un baño de alcobas, un balcón y una terraza descubierta completan este segundo piso, brindándote un lugar mágico donde disfrutarás de los hermosos cielos coloridos del Valle del Cauca. Nuestros condominios cuentan con parqueadero interno para visitantes. También tendrás a tu disposición un baño social o depósito, así como una zona de oficios con una generosa ventilación.","{""Área construida"":""108.24 m²"",""Área privada"":""145.62 m²"",""Tipo de inmueble"":""Casa"",""Hab/Amb"":""3 Hab"",""Baños"":""2 Baños"",""Precio"":""$ 440.615.053"",""Estado"":""Nuevos"",""Estrato"":""5"",""Parqueaderos"":""¡Pregúntale!"",""Financiación"":""70%"",""Formas de pago"":""¡Pregúntale!"",""Cuota inicial"":""¡Pregúntale!"",""Pisos interiores"":""¡Pregúntale!"",""Aplica subsidio"":""¡Pregúntale!""}",,[],[],"{""sku"":""6724706""}","[""https://cdn2.infocasas.com.uy/repo/img/th.outside742x400.66bb60cceebe3_infocdn__bqnvxlhdpoy5swnclv6ocacj6dubh8kckj9fejenjpg.jpg"",""https://s3.amazonaws.com/imagenesprof.fincaraiz.com.co/OVFR_COL/2021/9/29/3341786_597_6.jpg"",""https://s3.amazonaws.com/imagenesprof.fincaraiz.com.co/OVFR_COL/2021/9/29/3341786_620_5.jpg""]",[],[],
672c12fa456da97276bdb702,Portus 352,SOLANILLAS S. A.,"$615,800,000.00","venta apartamentos Cali norte - Portus 3.52 está localizado al norte de Cali, Avenida 3 Norte con Calle 52 Norte. Espectaculares visuales de la ciudad. Tiene una localización estratégica, cercano al almacén Éxito de La Flora y variadas zonas de comercio, a 10 Chipichape, Jumbo, Pacific mall, Home Center y a solo 15 minutos del aeropuerto. Cercano a las multinacionales, ingenios y grandes empresas del norte de la ciudad.","{""Área construida"":""87 m²"",""Área privada"":""87 m²"",""Tipo de inmueble"":""Apartamento"",""Hab/Amb"":""3 Hab"",""Baños"":""2 Baños"",""Precio"":""$ 615.800.000""}",,[3],[],"{""sku"":""3633056""}","[""https://s3.amazonaws.com/imagenesprof.fincaraiz.com.co/OVFR_COL/2018/5/17/1586238_37_15.jpg"",""https://s3.amazonaws.com/imagenesprof.fincaraiz.com.co/OVFR_COL/2018/5/17/1586238_265_0.jpg"",""https://s3.amazonaws.com/imagenesprof.fincaraiz.com.co/OVFR_COL/2018/5/17/1586238_758_3.jpg""]",[],[],
672c12fa456da97276bdb703,Baikal,MARVAL S.A. CALI,"$460,284,000.00","[""Proyectos"",""Venta""]","Baikal es el proyecto que todos soñamos, ese que está cerca de todo, donde la comodidad está tanto adentro como afuera. Ubicado en Valle del Lili entre las Cra. 99 y la calle 34. Cuenta con varios espacios dispuestos para disfrutar con tu familia. Su ubicación privilegiada te garantiza movilidad permanente y cuentas con todas las alternativas que hacen fácil vivir. Su amplia zona social cuenta con gimnasio, juegos infantiles, piscinas, salón de eventos, turco, etc.","{""Estado"":""En construcción"",""Estrato"":5,""Parqueaderos"":1,""Financiación"":""80"",""Formas de pago"":""¡Pregúntale!"",""Cuota inicial"":""¡Pregúntale!"",""Pisos interiores"":""¡Pregúntale!"",""Aplica subsidio"":""¡Pregúntale!""}",NO_INFORMATION,"[""2 Habs."",""2 Baños"",""80.16 m²""]",[],"{""sku"":""5085991""}","[""https://d3s5pkt10pk3ga.cloudfront.net/resizedImages/742x400/site/fincaraiz_service/media/listing/cd5bd1cd-737b-456f-b867-18d0c2093a57/photos/cd5bd1cd-737b-456f-b867-18d0c2093a57_1_True_6dfcbd54-6f7c-4854-b2ce-a68e9050e143.jpg"",""https://d3s5pkt10pk3ga.cloudfront.net/resizedImages/1x210/site/fincaraiz_service/media/listing/cd5bd1cd-737b-456f-b867-18d0c2093a57/photos/cd5bd1cd-737b-456f-b867-18d0c2093a57_2_False_85012552-1faa-4df4-95bf-9221ed57872e.jpg"",""https://d3s5pkt10pk3ga.cloudfront.net/resizedImages/1x210/site/fincaraiz_service/media/listing/cd5bd1cd-737b-456f-b867-18d0c2093a57/photos/cd5bd1cd-737b-456f-b867-18d0c2093a57_3_False_f2f273a9-4e09-4bce-aedc-2bbb27c4677a.jpg""]",[],[]
672c12fa456da97276bdb704,Santa Clara,MARVAL S.A. CALI,"$392,336,000.00","[""Proyectos"",""Venta""]","Santa Clara es un proyecto que se compone de 8 torres de vivienda de 12 pisos, cuenta con 38 parqueaderos para visitantes. Dentro de las amenidades del primer piso, el proyecto dispone de salón social, piscina para niños y piscina para adultos, en el segundo piso se localiza un salón de eventos, gimnasio, turco, entre otros, por otro lado, el piso 3 esta compuesto de una terraza-mirador y co-Working.","{""Área construida"":""70.83 m²"",""Área privada"":""62.84 m²"",""Tipo de inmueble"":""Apartamento"",""Hab/Amb"":""2 Hab"",""Baños"":""2 Baños"",""Precio"":""$ 392.336.000""}",NO_INFORMATION,"[""2 Habs.""]",[],"{""sku"":""10856493""}","[""https://d3s5pkt10pk3ga.cloudfront.net/resizedImages/742x400/site/fincaraiz_service/media/listing/40a8e22f-bc26-4645-9730-8053ed8b68f2/photos/40a8e22f-bc26-4645-9730-8053ed8b68f2_1_True_1285c9d9-f812-4426-9d0e-96cfb0e7228d.jpg"",""https://d3s5pkt10pk3ga.cloudfront.net/resizedImages/1x210/site/fincaraiz_service/media/listing/40a8e22f-bc26-4645-9730-8053ed8b68f2/photos/40a8e22f-bc26-4645-9730-8053ed8b68f2_2_False_167fde16-8207-42d9-85e5-ae989ce02442.jpg"",""https://d3s5pkt10pk3ga.cloudfront.net/resizedImages/1x210/site/fincaraiz_service/media/listing/40a8e22f-bc26-4645-9730-8053ed8b68f2/photos/40a8e22f-bc26-4645-9730-8053ed8b68f2_3_False_b0fd7965-e3d2-4f9b-a104-f402e78ce7a4.jpg""]",[],[]
672c12fa456da97276bdb705,Nova Condominio Avenue,CONSTRUCTORA MELENDEZ S.A.,"$530,988,786.00","Nova Condominio Avenue es el nuevo proyecto de vivienda de Constructora Meléndez, en alianza con Constructora Colpatria. Este condominio de apartamentos exclusivos, en el sur de Cali. Es una oferta ideal por su gran proyección de valorización. El proyecto cuenta con 3 torres, 2 de 11 pisos y 1 torre de 18 pisos de altura, con 8 apartamentos por piso para un total de 312 unidades de vivienda, parqueaderos cubiertos para residentes y visitantes.","{""Área construida"":""79.75 m²"",""Área privada"":""71.54 m²"",""Tipo de inmueble"":""Apartamento"",""Hab/Amb"":""3 Hab"",""Baños"":""3 Baños"",""Precio"":""$ 530.988.786""}",,[],[],"{""sku"":""7896529""}","[""https://s3.amazonaws.com/imagenesprof.fincaraiz.com.co/OVFR_COL/2023/2/1/4086606_236_3.jpg"",""https://s3.amazonaws.com/imagenesprof.fincaraiz.com.co/OVFR_COL/2023/2/14/4086606_14_5.jpg"",""https://d3s5pkt10pk3ga.cloudfront.net/resizedImages/1x210/site/fincaraiz_service/media/listing/be8fa28c-d749-452c-975e-e1a7ba4cbd84/photos/be8fa28c-d749-452c-975e-e1a7ba4cbd84_2_False_3b2bb668-acf1-46ee-a858-b09ec33c9994.jpg""]",[],[],
672c12fa456da97276bdb706,LEPARC 29,CONSTRUCTORA BOLIVAR CALI S.A,"$643,363,543.00","[""Proyectos"",""Venta""]","Descubre el lujo en LeParc ubicado Santa Monica Residencial, zona comercial, gastronómica y empresarial al norte de Cali. El proyecto residencial que redefine el concepto de comodidad y sofisticación. Con sus exclusivas terrazas, LeParc ofrece una experiencia única, donde el Sky Lounge con oasis acuático, gimnasio de primera clase, BBQ, lounge y bar, bike simulator y mucho más se combinan para crear un estilo de vida inigualable. Sumérgete en un oasis de elegancia y disfruta de un nuevo estándar de vivienda que supera todas tus expectativas. ¡Bienvenido a LeParc!","{""Área construida"":""51.51 m²"",""Área privada"":""46.71 m²"",""Tipo de inmueble"":""Apartamento"",""Habitaciones"":""1 Hab"",""Baños"":""1 Baño"",""Precio"":""$ 643.363.543""}",NO_INFORMATION,"[""1 Hab"",""1 Baño""]",[],"{""sku"":""10617448""}","[""https://d3s5pkt10pk3ga.cloudfront.net/resizedImages/742x400/site/fincaraiz_service/media/listing/176d7def-4711-4a27-baba-54077af9b8ae/photos/176d7def-4711-4a27-baba-54077af9b8ae_6_False_31177ace-7ea0-4ecd-9610-240f13b739f9.jpg"",""https://d3s5pkt10pk3ga.cloudfront.net/resizedImages/1x210/site/fincaraiz_service/media/listing/176d7def-4711-4a27-baba-54077af9b8ae/photos/176d7def-4711-4a27-baba-54077af9b8ae_1_True_699c3fc9-9159-42a3-a6a2-9f2028d277c3.jpg"",""https://d3s5pkt10pk3ga.cloudfront.net/resizedImages/1x210/site/fincaraiz_service/media/listing/176d7def-4711-4a27-baba-54077af9b8ae/photos/176d7def-4711-4a27-baba-54077af9b8ae_2_False_c6dfaccc-05f3-405a-bc1f-b226f8ce35a5.jpg""]",[],[]
672c12fa456da97276bdb707,TORRES DE ALTAIR,JURI CONSTRUCTORES,"$214,500,000.00","En Torres de Altair encontrarás apartamentos de 54 m2 con una distribución pensada en tu comodidad y que maximiza el espacio. Cuenta con 2 alcobas, la principal con espacio para adaptar un vestier y un baño privado. La sala comedor se integra con el balcón",,,,,,,,,
672c12fa456da97276bdb708,Tierralinda de la Planicie,CONSTRUCTORA MELENDEZ S.A.,"$202,690,570.00","[""Proyectos"",""Venta""]","TL Planicie cuenta con 9 edificios de 8 y 10 pisos de altura con 8 y 10 apartamentos por piso, para un total de 730 unidades de vivienda, tiene 365 parqueaderos comunales y 86 parqueaderos de visitantes. Está dotado de tres porterías, UAR, planta eléctrica para zonas comunes, ascensor por edificio, kiosco social con batería de baños y cocineta, espacio para administración, senderos peatonales, zonas verdes, dos zonas para mascotas, tres zonas BBQ, piscina de adultos y niños y juegos infantiles. *El valor del apartamento corresponde a los 145 y 150 SMMLV según la fecha de escrituración*","{""Área construida"":""58.43 m²"",""Área privada"":""52.27 m²"",""Tipo de inmueble"":""Apartamento"",""Habitaciones"":""2 Hab"",""Baños"":""2 Baños"",""Precio"":""$ 202.690.570"",""Estado"":""Averiguar Disponibilidad""}",PRE_ORDER,"[""2 Habs.""]",[],"{""sku"":""7217724""}","[""https://s3.amazonaws.com/imagenesprof.fincaraiz.com.co/OVFR_COL/2022/5/20/3649643_128_7.jpg"",""https://s3.amazonaws.com/imagenesprof.fincaraiz.com.co/OVFR_COL/2022/5/20/3649643_643_5.jpg"",""https://s3.amazonaws.com/imagenesprof.fincaraiz.com.co/OVFR_COL/2022/5/20/3649643_925_6.jpg""]","[""Proyecto"",""Destacado""]",[]
672c12fa456da97276bdb709,Tribeca,MARVAL S.A. CALI,"$247,975,000.00","Tribeca apartamentos. Ubicado en la carrera 50 con calle 14 . Apartamentos vis de renovacion urbana de 54,34 m2 aprox, en 2 edificios de 3 torres, cada edificio cuenta con 2 torres de 8 aptos por piso y una torre de 6 aptos por piso, un total de 4 torres de 8 aptos por piso y 2 torres de 6 aptos por piso todas en 20 pisos, cada uno con sus puntos fijos. Cuenta con 2 habitaciones y un espacio disponible, que puede ser usado como tercera habitacion, estudio o vestier, se entrega en obra gris.","{""Estado"":""En construcción"",""Estrato"":4,""Parqueaderos"":""¡Pregúntale!"",""Financiación"":""Financiación: 75"",""Formas de pago"":""¡Pregúntale!"",""Cuota inicial"":""¡Pregúntale!"",""Pisos interiores"":""¡Pregúntale!"",""Aplica subsidio"":""¡Pregúntale!""}",,"[""2 Habs.""]",[],"{""sku"":""5992559""}","[""https://s3.amazonaws.com/imagenesprof.fincaraiz.com.co/OVFR_COL/2021/9/7/2903353_326_15.jpg"",""https://s3.amazonaws.com/imagenesprof.fincaraiz.com.co/OVFR_COL/2021/9/7/2903353_101_16.jpg"",""https://s3.amazonaws.com/imagenesprof.fincaraiz.com.co/OVFR_COL/2021/9/7/2903353_645_27.jpg""]",[],[],
672c12fa456da97276bdb70a,Fiorino,MARVAL S.A. CALI,"$565,622,000.00","[""Proyectos"",""Venta""]","Fiorino es un proyecto ubicado en Calle 4B con Cra 37. Vivir allí es vivir más cerca y con todo. Más cerca del deporte, de la educación, de la salud, del comercio y de mucho más. Es un lugar privilegiado por su ubicación en San Fernando y con una zona social con todo para hacer que tu experiencia sea más completa. Fiorino tiene un espacio ideal para ti y tu familia, con todo lo que necesitan.","{""Estado"":""En construcción"",""Estrato"":5,""Parqueaderos"":1,""Financiación"":""80"",""Formas de pago"":""¡Pregúntale!"",""Cuota inicial"":""¡Pregúntale!"",""Pisos interiores"":""¡Pregúntale!"",""Aplica subsidio"":""¡Pregúntale!""}",NO_INFORMATION,"[""3 Habs."",""2 Baños"",""85.16 m²""]",[],"{""sku"":""5320631""}","[""https://s3.amazonaws.com/imagenes.fincaraiz.com.co/FC_COL/2020/02/18/5320631/proyecto-nuevo-venta-valle-del-cauca-cali-527081480_m.jpg"",""https://s3.amazonaws.com/imagenesprof.fincaraiz.com.co/OVFR_COL/2021/7/1/2540528_736_13.jpg"",""https://s3.amazonaws.com/imagenesprof.fincaraiz.com.co/OVFR_COL/2021/7/1/2540528_171_14.jpg"",""https://s3.amazonaws.com/imagenesprof.fincaraiz.com.co/OVFR_COL/2021/7/1/2540528_370_12.jpg""]",[],[]
672c12fa456da97276bdb70b,VERDANT,CONSTRUCTORA MELENDEZ S.A.,"$499,239,303.00","Descubre Verdant, un proyecto residencial que redefine la forma de vivir en la ciudad. Con un diseño arquitectónico vanguardista, este complejo residencial te ofrece un hogar sostenible, elegante y lleno de vida. Diseño innovador: Balcones con jardines verticales que embellecen la fachada y crean un microclima fresco y saludable. Espacios versátiles: Amplios apartamentos con cocinas sociales integradas, perfectas para disfrutar en familia y con amigos. Acabados de lujo: Opciones de personalización para crear un hogar a tu medida, con acabados de alta calidad. Amenidades de primer nivel: Disfruta de un club house, piscinas, gimnasio, zonas verdes y mucho más. Tu apartamento, tu estilo Elige entre una variedad de apartamentos con diferentes distribuciones y tamaños, desde acogedores estudios hasta espaciosas viviendas familiares. Personaliza tu hogar con acabados premium y disfruta de la tranquilidad y comodidad que te mereces. Verdant es más que un conjunto de apartamentos. Es un proyecto comprometido con el medio ambiente, que promueve la sostenibilidad y el bienestar de sus habitantes. Ubicación estratégica en el sur de cali. Construcción de calidad: Desarrollado por Constructora Meléndez, reconocida por su experiencia y compromiso. Amplias zonas comunes Perfectas para disfrutar en familia y con amigos. Una excelente oportunidad para adquirir una propiedad en una zona en constante crecimiento. ¡No pierdas la oportunidad de vivir en Verdant! Contáctanos!","{""Área construida"":""62.3 m²"",""Área privada"":""54.6 m²"",""Tipo de inmueble"":""Apartamento"",""Hab/Amb"":""2 Hab"",""Baños"":""2 Baños"",""Precio"":""$ 499.239.303"",""Estado"":""Sobre planos"",""Estrato"":""5"",""Parqueaderos"":""¡Pregúntale!"",""Financiación"":""CUOTA INICIAL 30%"",""Formas de pago"":""ENTREGAS 2027"",""Cuota inicial"":""¡Pregúntale!"",""Pisos interiores"":""¡Pregúntale!"",""Aplica subsidio"":""¡Pregúntale!""}",,"[""2 Habs.""]",[],"{""sku"":""15016865""}","[""https://cdn2.infocasas.com.uy/repo/img/th.outside742x400.66f474ac78477_infocdn__gfhh0pwekzavxvaspp7yrrmlsf1qqr4dwd4bm7bzpng.png"",""https://cdn2.infocasas.com.uy/repo/img/th.outside1x210.66f474ad20bc5_infocdn__hajvgtwf3kaw3q10hmnlvacznozmkfpxzntkbdt0jpg.jpg"",""https://cdn2.infocasas.com.uy/repo/img/th.outside1x210.66f474ad8d636_infocdn__hdrrjs03wcdstmkvbpwhg30qayt16i0bh52fw6knjpg.jpg""]",[],[],
672c12fa456da97276bdb70c,Nova Condominio Club,CONSTRUCTORA MELENDEZ S.A.,"$456,500,293.00","Nova Cond. Club se convierte en una oferta ideal por su gran proyección de valorización. Está dotado de portería con lobby, oficina de administración, UTB, shut de basuras, amplio salón social, gimnasio con dotación básica, piscina para adultos y niños, juegos infantiles, senderos peatonales, terraza lúdica en segundo piso. El proyecto cuenta con 6 torres de once pisos de altura, 4 apartamentos por piso para un total de 248 unidades de vivienda, 248 parq. privados cubiertos y 24 para visitantes.","{""Área construida"":""80 m²"",""Área privada"":""80 m²"",""Tipo de inmueble"":""Apartamento"",""Hab/Amb"":""3 Hab"",""Baños"":""2 Baños"",""Precio"":""$ 456.500.293""}",,[],[],"{""sku"":""4292262""}","[""https://s3.amazonaws.com/imagenesprof.fincaraiz.com.co/OVFR_COL/2019/1/28/1958434_807_4.jpg"",""https://s3.amazonaws.com/imagenesprof.fincaraiz.com.co/OVFR_COL/2021/10/25/1958434_585_18.jpg"",""https://s3.amazonaws.com/imagenesprof.fincaraiz.com.co/OVFR_COL/2021/10/25/1958434_304_17.jpg""]",[],[],
672c12fa456da97276bdb70d,Belaterra Pietra,MARVAL S.A. CALI,"$380,000,000.00","Pietra es un proyecto de vivienda No VIS de uso mixto, el cual se compone de 6 torres de vivienda de 12 pisos, cada piso esta configurado por 4 apartamentos, para una total de 288 apartamentos en el proyecto. Cada apartamento tiene asignado un parqueadero privado. El edificio de parqueadero y zona comercial , se compone de 1 sótano, 3 pisos de parqueaderos, en el primer piso de este edificio se localizara la zona comercial la cuenta con dos puntos fijos que conducen a las áreas sociales del proyecto.","{""Área construida"":""67.4 m²"",""Área privada"":""58.72 m²"",""Tipo de inmueble"":""Apartamento"",""Hab/Amb"":""2 Hab"",""Baños"":""2 Baños"",""Precio"":""$ 380.000.000""}",,"[""2 Habs.""]",[],"{""sku"":""15016756""}","[""https://cdn2.infocasas.com.uy/repo/img/th.outside742x400.66bceb615d49a_infocdn__iiztoxgtm1nbgspljvtpfbbzocnpubsibyv3dluppng.png"",""https://cdn2.infocasas.com.uy/repo/img/th.outside1x210.66bceb61228cf_infocdn__jkaurwjwof3dxb0ttjlv3udnmyqdk92wy0glghoxpng.png"",""https://cdn2.infocasas.com.uy/repo/img/th.outside1x210.66bceb618ff82_infocdn__s0ednfp2x6twsiu7sizryq5n7ypmjh3jcj35eepwpng.png""]",[],[],
672c12fa456da97276bdb70e,LOCALES COMERCIALES CONSTRUCTORA MELÉNDEZ,CONSTRUCTORA MELENDEZ S.A.,"$5,000,000.00","Últimos locales comerciales disponibles en proyectos estratégicos de Cali y Jamundí. ¿Buscas un lugar para hacer crecer tu negocio? Tenemos la opción perfecta para ti. Constructora Meléndez te ofrece locales comerciales ubicados en zonas de alto crecimiento comercial, con excelente conectividad y gran flujo de personas. ¿Qué incluyen nuestros locales? Espacios versátiles: Adaptables a tus necesidades, con amplios ventanales y excelentes acabados. Preparados para tu negocio: Instalaciones eléctricas y sanitarias básicas, listas para que personalices tu espacio. Ubicación estratégica: En zonas de alta demanda comercial como Valle del Lili, Tierralinda y Campos de Pángola, con fácil acceso y amplio parqueo. Oportunidad de crecimiento: Sé parte de proyectos en desarrollo y aprovecha el potencial de estas zonas. ¡No pierdas esta oportunidad! Contáctanos para conocer más detalles sobre precios, disponibilidad y agendar una visita.","{""Área construida"":""4 m²"",""Área privada"":""4 m²"",""Tipo de inmueble"":""Local"",""Hab/Amb"":""1 Amb"",""Baños"":""0 Baños"",""Precio"":""$ 5.000.000"",""Estado"":""Nuevos"",""Estrato"":""4"",""Parqueaderos"":""¡Pregúntale!"",""Financiación"":""Cuota inicial 30%"",""Formas de pago"":""Entrega Inmediata -10 - 12 meses"",""Cuota inicial"":""¡Pregúntale!"",""Pisos interiores"":""¡Pregúntale!"",""Aplica subsidio"":""¡Pregúntale!""}",,"[""1 Ambiente""]",[],"{""sku"":""15016858""}","[""https://cdn2.infocasas.com.uy/repo/img/th.outside742x400.66f42d9fb1254_infocdn__3wmzz2eei0ucewzeczpcfpv3ejqhsps82tuhjrnwpng.png"",""https://cdn2.infocasas.com.uy/repo/img/th.outside1x210.6721401742272_infocdn__kl49bydxo1dazbxkzsmthuuej3g1tu9vqb4v946kjpg.jpg"",""https://cdn2.infocasas.com.uy/repo/img/th.outside1x210.670699f93a1b6_infocdn__c3gocmeipuot4ppmmfpaeygzuo1kcjinwwspfatwjpg.jpg""]",[],[],
672c12fa456da97276bdb70f,ICONIK ELITE,CONSORCIO ARIA A2,"$350,000,000.00","ICONIK ELITE se construira en un lote de terreno, donde anteriormente se encontraba LAS VALLAS, para muchos Caleños fue un icono urbano, zona de recreación infantil, supermercado, caseta de feria de Cali, salon de eventos.....por eso nunca debemos olvidar .... Vayas donde vayas nos veremos en las VALLAS. Con una excelente ubicación, a pocos minutos de Centros Comerciales y de negocios, Colegios, Parques, y lo mejor de todo ... cerca el mundo por estar a 30 minutos de Aeropuerto..","{""Área construida"":""58.11 m²"",""Área privada"":""58.11 m²"",""Tipo de inmueble"":""Apartamento"",""Hab/Amb"":""2 Hab"",""Baños"":""2 Baños"",""Precio"":""$ 350.000.000""}",,[],[],"{""sku"":""7345335""}","[""https://s3.amazonaws.com/imagenesprof.fincaraiz.com.co/OVFR_COL/2023/3/1/3731781_971_17.jpg"",""https://s3.amazonaws.com/imagenesprof.fincaraiz.com.co/OVFR_COL/2023/3/1/3731781_356_23.jpg"",""https://s3.amazonaws.com/imagenesprof.fincaraiz.com.co/OVFR_COL/2023/3/1/3731781_106_22.jpg""]",[],[],
672c12fa456da97276bdb710,Tierralinda del Samán,CONSTRUCTORA MELENDEZ S.A.,"$561,463,316.00","Tierralinda del Samán es el nuevo proyecto de casas en condominio de Constructora Meléndez, ubicado en Tierralinda, Comunidad Vital al sur de Cali, entre la Calle 47 y 47B con Carrera 124A y 125, es una oferta con gran proyección de valorización en la zona. Cuenta con un gran Samán en sus zonas comunes sociales, generando una atmósfera fresca y saludable, rodeado de una gran zona de verde que conforma un paisajismo único y sostenible. El precio está en obra negra.","{""Área construida"":""103.42 m²"",""Área privada"":""125.39 m²"",""Tipo de inmueble"":""Apartamento"",""Hab/Amb"":""3 Hab"",""Baños"":""3 Baños"",""Precio"":""$ 561.463.316""}",,[],[],"{""sku"":""7820025""}","[""https://s3.amazonaws.com/imagenesprof.fincaraiz.com.co/OVFR_COL/2022/12/20/4034322_364_3.jpg"",""https://d3s5pkt10pk3ga.cloudfront.net/resizedImages/1x210/site/fincaraiz_service/media/listing/9d777b1b-9a6f-446b-9597-8c065d62829d/photos/9d777b1b-9a6f-446b-9597-8c065d62829d_6_False_dbc8c3e3-9baa-41bb-8339-4cbbd1a823ae.jpg"",""https://d3s5pkt10pk3ga.cloudfront.net/resizedImages/1x210/site/fincaraiz_service/media/listing/9d777b1b-9a6f-446b-9597-8c065d62829d/photos/9d777b1b-9a6f-446b-9597-8c065d62829d_9_False_8e278c27-3415-4825-a0f5-7e85c08bf18a.jpg""]",[],[],
672c12fa456da97276bdb711,Nova Condominio Plus,CONSTRUCTORA MELENDEZ S.A.,"$712,100,522.00","Bienvenidos a un lugar único ubicado en el Valle del Lili, sobre la calle 33 con carrera 94, junto a Makro del sur en Cali. Nuestro proyecto ha sido diseñado pensando en tu comodidad y estilo de vida, con amplias áreas construidas y diversas tipologías de apartamentos que se adaptan a tus necesidades. Los acabados superiores y las excepcionales zonas comunes hacen de Nova Condominio Plus el lugar ideal para vivir. Esta es tu oportunidad para vivir en un espacio único, ideal para nuevas familias y para aquellos inversores que buscan oportunidades de alto potencial. Nuestras excepcionales zonas comunes están diseñadas para brindarte momentos inolvidables. Disfruta de una zona BBQ para reuniones al aire libre, un salón de juegos para compartir en familia y un espacio de juegos infantiles. Además, relájate en nuestro sauna y turco, o disfruta de una película en nuestra sala de cine. Mantén tu bienestar en nuestro gimnasio y descansa en el salón social comunal con cocineta y baños. ofrece 2 Business Rooms para tus reuniones y actividades profesionales. Encontrarás oficinas de administración y depósitos comunales, así como un espacio solarium para broncearte y relajarte. Nuestra comunidad cuenta con una portaría con lobby, piscinas para adultos y niños, parque de mascotas y senderos peatonales para disfrutar de un ambiente tranquilo y seguro. Además, te garantizamos parqueaderos privados cubiertos y parqueaderos internos para visitantes. ¡Únete a nuestra comunidad!","{""Área construida"":""99.61 m²"",""Área privada"":""91.3 m²"",""Tipo de inmueble"":""Apartamento"",""Hab/Amb"":""3 Hab"",""Baños"":""2 Baños""}",,[],[],"{""sku"":""4944016""}","[""https://s3.amazonaws.com/imagenesprof.fincaraiz.com.co/OVFR_COL/2022/5/31/2327114_491_23.jpg"",""https://s3.amazonaws.com/imagenesprof.fincaraiz.com.co/OVFR_COL/2019/9/23/2327114_997_5.jpg"",""https://s3.amazonaws.com/imagenesprof.fincaraiz.com.co/OVFR_COL/2022/5/31/2327114_94_27.jpg""]",[],[],
672c12fa456da97276bdb712,SERENE HABITARE,HABITARE ESPACIOS S.A.S,"$266,000,000.00","Serene es un proyecto ubicado en Cali, pertenece al estrato 6 y está compuesto de Apartamentos. Porque la verdadera revolución se da de adentro hacia afuera, por eso en Serene Habitare te invitamos a vivir la experiencia, en un increíble edificio de 12 pisos con vista hacia el cerro y hacia la ciudad. Cuenta con 135 apartamentos tipo loft, duplex y penthouse, desde 26m2 hasta 60m2, con una ubicación exclusiva en el límite del barrio Juanambú y Granada, que es el corazón gastronómico de Cali. Con las mejores e zonas comunes tales como Glass view colibrí / Cenote / Turco / Ofuros / Piscina borde infinito / Espejo de agua / Asoleadoras / Lounge bar / Game room / BBQ / Cocina abierta / Zona puff y picnic / Malla katamaran / Camino de texturas / Pies descalzos.","{""Área construida"":""26.1 m²"",""Área privada"":""26.1 m²"",""Tipo de inmueble"":""Apartamento"",""Hab/Amb"":""1 Hab"",""Baños"":""1 Baño"",""Precio"":""$ 266.000.000""}",,"[""1 Hab""]",[],"{""sku"":""15016936""}","[""https://cdn2.infocasas.com.uy/repo/img/th.outside742x400.671975b33e170_infocdn__cmgxkvy16zgwi8mv5nryhzqfa8xud4khq3mz7paopng.png"",""https://cdn2.infocasas.com.uy/repo/img/th.outside1x210.671a55a9cebd9_infocdn__6e8us4xkoeychhrrppph66oxcb8kmfmjhpsia4wpjpg.jpg"",""https://cdn2.infocasas.com.uy/repo/img/th.outside1x210.672009d04df10_infocdn__hfphikh4iicco24yx8pkidzerwmhfcelcl6buquhjpg.jpg""]",[],[],
672c12fa456da97276bdb713,AMARA,CONALTURA,"$235,389,706.00","Amara apartamentos es un proyecto VIS conformado por 4 torres de apartamentos, donde encontraras un área de apartamentos de 55.34m² con una serie de zonas comunes que harán tu vida más plena en el centro de la Ciudad de Cali, un sector que comenzó hace algunos años el proceso de transformación urbana más grande de Colombia, esto ya que la administración de la ciudad junto a la empresa privada busca transformar 33 manzanas urbanas con el macroproyecto Ciudad paraíso. Una apuesta de Ciudad que impactara en la economía con la nueva construcción del centro comercial y la movilidad de este eje estratégico para el sistema MIO con la construcción de la estación central. ¡El Centro de Cali se transforma, en Amara la transformación es nuestra inspiración!","{""Área construida"":""55.34 m²"",""Área privada"":""55.34 m²"",""Tipo de inmueble"":""Apartamento"",""Hab/Amb"":""2 Hab"",""Baños"":""2 Baños"",""Precio"":""$ 235.389.706""}",,"[""2 Habs.""]",[],"{""sku"":""15016939""}","[""https://cdn2.infocasas.com.uy/repo/img/th.outside742x400.671a9fb6e5e70_infocdn__wvhppky9f6r7c1xpsk8qyz4cg8ftcavhasjxptpqpng.png"",""https://cdn2.infocasas.com.uy/repo/img/th.outside1x210.671aa29f87952_infocdn__1nbg8gylri3dqwsxhaauxx0kcgxfqz3zublw4hn3jpg.jpg"",""https://cdn2.infocasas.com.uy/repo/img/th.outside1x210.671aa2a58acd1_infocdn__koxy0abqq3jm2aixat30fcil7xxg25yrwo1okizkjpg.jpg""]",[],[],
672c12fa456da97276bdb714,Tierralinda de la Pradera,CONSTRUCTORA MELENDEZ S.A.,"$322,513,761.00","ENTREGA INMEDIATA. Tierralinda de la Pradera, un proyecto de vivienda NO VIS diseñado para ofrecerles un hogar moderno, confortable y rodeado de naturaleza en el corazón de Cali. Tierralinda de la Pradera se encuentra estratégicamente ubicado en una zona de gran proyección y desarrollo al sur de Cali. Rodeado de un entorno natural único y sostenible, este proyecto les brinda la oportunidad de vivir en un oasis de tranquilidad, lejos del bullicio de la ciudad, pero sin renunciar a la cercanía de todo lo que necesitan. El proyecto cuenta con 320 apartamentos distribuidos en 10 pisos, cada uno con 8 unidades. Los apartamentos tienen la opción de obra básica y ofrecen espacios amplios y bien iluminados, diseñados para adaptarse a sus necesidades y estilo de vida. El proyecto contiene una completa gama de zonas comunes para que usted y su familia puedan disfrutar al máximo de su tiempo libre. Piscina para adultos y niños, Kiosko con espacio para administración, Juegos infantiles, Sub-estación eléctrica, Zona para mascotas, Zona BBQ. Este plan incluye amplias zonas verdes, espacios públicos para el deporte y la cultura, y una gran variedad de servicios comerciales y educativos. Tierralinda de la Pradera no es solo un lugar para vivir, es una inversión en su futuro. Este proyecto ofrece una excelente oportunidad para adquirir una vivienda moderna, cómoda y ubicada en una zona de gran valorización en Cali.","{""Área construida"":""68.66 m²"",""Área privada"":""60.9 m²"",""Tipo de inmueble"":""Apartamento"",""Hab/Amb"":""3 Hab"",""Baños"":""2 Baños"",""Precio"":""$ 322.513.761""}",,"[""3 Habs."",""2 Baños"",""68.66 m²""]",[],"{""sku"":""6836856""}","[""https://s3.amazonaws.com/imagenesprof.fincaraiz.com.co/OVFR_COL/2022/1/31/3413091_155_8.jpg"",""https://d3s5pkt10pk3ga.cloudfront.net/resizedImages/1x210/site/fincaraiz_service/media/listing/fec83931-e053-4762-9ad4-d9ea4facf1ee/photos/fec83931-e053-4762-9ad4-d9ea4facf1ee_1_True_8043fca1-05e3-431f-8d4c-40dbdb397760.jpg"",""https://d3s5pkt10pk3ga.cloudfront.net/resizedImages/1x210/site/fincaraiz_service/media/listing/fec83931-e053-4762-9ad4-d9ea4facf1ee/photos/fec83931-e053-4762-9ad4-d9ea4facf1ee_3_False_d1281e34-53d8-44fe-afc0-e9e43653ccc5.jpg""]",[],[],
672c12fa456da97276bdb715,Tierralinda de las Flores,CONSTRUCTORA MELENDEZ S.A.,"$305,972,411.00","¡Descubre Tierralinda de las Flores, el vibrante proyecto de apartamentos en el sur de Cali que ofrece comodidad, calidad y una vida conectada con la naturaleza! Este desarrollo de Constructora Meléndez, en Tierralinda Comunidad Vital, garantiza un entorno ideal para la familia con amplias zonas verdes y espacios comunes diseñados para el disfrute de todos. Con 320 apartamentos distribuidos en 4 edificios de 10 pisos, Tierralinda de las Flores ofrece un ambiente de calidad con apartamentos tipo 1, espacios versátiles y acabados superiores. Este proyecto se distingue por su ubicación estratégica al sur de Cali, rodeado de universidades, colegios, supermercados y una exuberante zona verde, brindando un entorno propicio para la valorización. Las amenidades incluyen acceso vehicular, portería con lobby, piscinas para adultos y niños, zona BBQ, locales comerciales y un espacio para gimnasio. Además, este condominio ofrece salón social, juegos infantiles, ascensor, espacios verdes, lobby tipo hotel y administración, brindando una experiencia completa para todos. Los apartamentos presentan una distribución funcional con habitación auxiliar, balcón, habitación principal con baño y closet, baño social, estudio, espacio múltiple, parqueadero privado y un espacio personalizable. Las zonas comunes están pensadas para el encuentro social y el bienestar, con áreas de recreación, espacios para ejercitarse, y zonas verdes para disfrutar de la naturaleza.","{""Área construida"":""61.67 m²"",""Área privada"":""56.1 m²"",""Tipo de inmueble"":""Apartamento"",""Hab/Amb"":""3 Hab"",""Baños"":""2 Baños""}",,"[""3 Habs."",""2 Baños"",""61.67 m²""]",[],"{""sku"":""10089763""}","[""https://d3s5pkt10pk3ga.cloudfront.net/resizedImages/742x400/site/fincaraiz_service/media/listing/cff4a999-108e-47d4-9f6d-1983015eef05/photos/cff4a999-108e-47d4-9f6d-1983015eef05_1_True_9b29879b-838c-48e9-bfae-9352fb4661b8.jpg"",""https://d3s5pkt10pk3ga.cloudfront.net/resizedImages/1x210/site/fincaraiz_service/media/listing/cff4a999-108e-47d4-9f6d-1983015eef05/photos/cff4a999-108e-47d4-9f6d-1983015eef05_1_True_c2c200c4-381f-4d78-b56b-4c8627106848.jpg"",""https://d3s5pkt10pk3ga.cloudfront.net/resizedImages/1x210/site/fincaraiz_service/media/listing/cff4a999-108e-47d4-9f6d-1983015eef05/photos/cff4a999-108e-47d4-9f6d-1983015eef05_3_False_54247893-955e-41c8-8317-efd7d4a2a0cb.jpg""]",[],[],
